ship_id,slope,intercept,r_squared,n_baseline_points,rpm_min,rpm_max
S11,0.25132149578594204,1.695305894225795,0.9513335140111616,6,44.3,59.4
S22,0.2560839805653085,2.0470982728659046,0.8855483434218236,5,51.0,65.8
S3,0.3299096839708279,-2.1579962765793694,0.9938230625932631,7,40.5,57.0
S4,0.26090238723076553,1.4760080974494298,0.8911296871472955,5,44.1,60.2
S6,0.22947368421052597,3.0056140350877376,0.4681091374725024,6,50.0,60.0
